[
  {
    "id": 1,
    "subject": "Email   certificate expired",
    "status": "Client response pending",
    "addedAt": "2020-09-23",
    "history": [
      {
        "date": "20-10-10",
        "message": "sjflsjl",
        "messageBy": "client"
      },
      {
        "date": "20-10-10",
        "message": "sjflsjl",
        "messageBy": "operator"
      },
      {
        "date": "20-10-10",
        "message": "sjflsjl",
        "messageBy": "client"
      }
    ]
  },
  {
    "id": 2,
    "subject": "Issue with Email certificate",
    "status": "Client response pending",
    "addedAt": "2020-09-23"
  },
  {
    "id": 3,
    "subject": "Issue app crashing",
    "status": "Client response pending",
    "addedAt": "2020-09-23"
  },
  {
    "id": 4,
    "subject": "Issue with ssl certificate",
    "status": "Client response pending",
    "addedAt": "2020-09-23"
  },
  {
    "id": 5,
    "subject": "Issue with ssl certificate",
    "status": "Client response pending",
    "addedAt": "2020-09-23"
  },
  {
    "id": 6,
    "subject": "Issue with ssl certificate",
    "status": "Client response pending",
    "addedAt": "2020-09-23"
  },
  {
    "id": 7,
    "subject": "Issue with ssl certificate",
    "status": "Client response pending",
    "addedAt": "2020-09-23"
  },
  {
    "id": 8,
    "subject": "Issue with ssl certificate",
    "status": "Client response pending",
    "addedAt": "2020-09-23"
  },
  {
    "id": 9,
    "subject": "Issue with ssl certificate",
    "status": "Client response pending",
    "addedAt": "2020-09-23"
  },
  {
    "id": 10,
    "subject": "Issue with ssl certificate",
    "status": "Client response pending",
    "addedAt": "2020-09-23"
  }
]
